,Carrier_Code,Origin_Airport,Flight_Season,Flight_Month,Flight_Week,Flight_Day,Scheduled_Departure_Time,Actual_Departure_Time,Departure_Delay,Dep_Temp_3,Dep_Pressure_3,Dep_Humidity_3,Dep_Wind_Speed_3,Dep_Wind_Deg_3,Dep_Clouds_3,Dep_Rain_3,Airport_Abbr,Lat_N,Lng_W,GMT,Carrier_Abbr
0,3,186.0,1,2,5,1,9,9,-1.0,-1.0,6.0,5.0,1,28.0,9.0,0.0,SNA,33.67,117.86,-8.0,NK
1,3,102.0,3,6,25,22,18,18,-10.0,1.0,-3.0,10.0,4,24.0,9.0,0.0,GSO,36.1,79.93,-5.0,NK
2,3,208.0,1,2,7,20,14,14,3.0,-4.0,9.0,5.0,4,29.0,4.0,0.0,BWI,39.17,76.66,-5.0,NK
3,3,223.0,1,2,6,12,12,12,-1.0,-1.0,2.0,9.0,2,33.0,9.0,0.0,ATL,33.64,84.42,-5.0,NK
4,3,164.0,3,6,25,22,14,15,32.0,1.0,0.0,9.0,3,19.0,9.0,0.0,MYR,33.68,78.92,-5.0,NK
5,3,217.0,3,7,30,28,17,17,-5.0,0.0,3.0,9.0,0,0.0,4.0,0.0,LAX,33.94,118.4,-8.0,NK
6,3,213.0,3,7,26,3,7,7,9.0,2.0,3.0,9.0,2,17.0,7.0,0.0,FLL,26.07,80.15,-5.0,NK
7,3,213.0,2,5,19,10,13,13,1.0,2.0,4.0,8.0,4,16.0,2.0,0.0,FLL,26.07,80.15,-5.0,NK
8,3,220.0,2,3,12,23,6,6,7.0,0.0,3.0,9.0,3,36.0,4.0,0.0,MCO,28.41,81.3,-5.0,NK
9,3,220.0,3,6,22,1,14,14,0.0,1.0,8.0,7.0,4,6.0,2.0,0.0,MCO,28.41,81.3,-5.0,NK
10,3,213.0,3,7,29,21,19,19,6.0,3.0,5.0,7.0,4,15.0,2.0,0.0,FLL,26.07,80.15,-5.0,NK
11,3,217.0,2,4,13,2,21,21,6.0,0.0,4.0,5.0,4,13.0,2.0,0.0,LAX,33.94,118.4,-8.0,NK
12,3,213.0,1,2,6,11,15,15,19.0,1.0,5.0,8.0,5,13.0,7.0,0.0,FLL,26.07,80.15,-5.0,NK
13,3,204.0,3,7,30,31,18,21,185.0,1.0,4.0,7.0,4,26.0,0.0,0.0,MSP,44.88,93.22,-6.0,NK
14,3,223.0,2,5,21,28,21,22,28.0,2.0,1.0,6.0,5,21.0,7.0,0.0,ATL,33.64,84.42,-5.0,NK
15,3,101.0,2,4,15,12,16,16,6.0,2.0,3.0,5.0,5,12.0,2.0,0.0,STX,17.69,64.79,-4.0,NK
16,3,215.0,3,8,33,17,7,8,15.0,0.0,3.0,7.0,0,12.0,0.0,0.0,ORD,41.98,87.9,-6.0,NK
17,3,213.0,3,7,28,15,23,23,8.0,3.0,5.0,6.0,7,7.0,4.0,0.0,FLL,26.07,80.15,-5.0,NK
18,3,223.0,3,7,27,11,7,9,108.0,1.0,4.0,8.0,2,23.0,4.0,0.0,ATL,33.64,84.42,-5.0,NK
19,3,213.0,3,8,34,27,17,18,54.0,3.0,1.0,7.0,7,12.0,2.0,0.0,FLL,26.07,80.15,-5.0,NK
20,3,162.0,3,7,29,25,17,17,8.0,1.0,1.0,6.0,4,30.0,0.0,0.0,MKE,42.94,87.89,-6.0,NK
21,3,164.0,2,3,12,28,17,18,39.0,1.0,4.0,9.0,7,19.0,7.0,0.0,MYR,33.68,78.92,-5.0,NK
22,3,213.0,3,7,30,27,16,17,35.0,2.0,3.0,7.0,0,0.0,2.0,0.0,FLL,26.07,80.15,-5.0,NK
23,3,223.0,2,3,12,23,11,12,15.0,-1.0,5.0,6.0,4,9.0,7.0,0.0,ATL,33.64,84.42,-5.0,NK
24,3,213.0,2,5,20,22,16,17,34.0,2.0,10.0,6.0,6,7.0,7.0,0.0,FLL,26.07,80.15,-5.0,NK
25,3,221.0,3,6,24,18,17,17,38.0,2.0,2.0,6.0,5,17.0,0.0,0.0,DFW,32.89,97.04,-6.0,NK
26,3,213.0,3,6,23,10,21,22,40.0,3.0,5.0,6.0,7,13.0,2.0,0.0,FLL,26.07,80.15,-5.0,NK
27,3,220.0,2,3,12,26,11,11,23.0,1.0,6.0,9.0,3,16.0,0.0,0.0,MCO,28.41,81.3,-5.0,NK
28,3,208.0,2,5,21,29,20,20,0.0,-1.0,2.0,8.0,7,5.0,9.0,0.0,BWI,39.17,76.66,-5.0,NK
29,3,164.0,2,5,21,25,11,11,-8.0,1.0,8.0,8.0,2,17.0,4.0,0.0,MYR,33.68,78.92,-5.0,NK
30,3,220.0,2,3,11,21,12,12,20.0,-1.0,5.0,9.0,5,32.0,9.0,0.0,MCO,28.41,81.3,-5.0,NK
31,3,206.0,2,4,15,17,10,10,-5.0,1.0,-3.0,7.0,5,21.0,2.0,0.0,TPA,27.97,82.53,-5.0,NK
32,3,215.0,1,1,2,14,5,5,3.0,-3.0,-7.0,7.0,3,21.0,9.0,0.0,ORD,41.98,87.9,-6.0,NK
33,3,217.0,3,6,26,28,9,10,29.0,0.0,-7.0,8.0,3,12.0,2.0,0.0,LAX,33.94,118.4,-8.0,NK
34,3,218.0,3,6,22,2,0,1,16.0,4.0,-2.0,1.0,5,25.0,2.0,0.0,PHX,33.43,112.01,-7.0,NK
35,3,217.0,1,1,4,28,16,19,171.0,-2.0,3.0,7.0,3,12.0,7.0,0.0,LAX,33.94,118.4,-8.0,NK
36,3,213.0,2,3,9,5,8,8,2.0,0.0,2.0,8.0,3,33.0,0.0,0.0,FLL,26.07,80.15,-5.0,NK
37,3,208.0,3,6,26,30,15,17,119.0,2.0,6.0,6.0,2,22.0,2.0,0.0,BWI,39.17,76.66,-5.0,NK
38,3,221.0,3,8,33,21,19,19,4.0,3.0,1.0,6.0,1,24.0,3.0,0.0,DFW,32.89,97.04,-6.0,NK
39,3,164.0,3,7,28,17,13,13,-3.0,1.0,6.0,9.0,0,9.0,0.0,0.0,MYR,33.68,78.92,-5.0,NK
40,3,220.0,2,5,18,3,21,22,25.0,3.0,1.0,4.0,6,17.0,4.0,0.0,MCO,28.41,81.3,-5.0,NK
41,3,208.0,3,6,25,22,16,20,226.0,1.0,-6.0,8.0,4,31.0,9.0,1.0,BWI,39.17,76.66,-5.0,NK
42,3,223.0,2,4,14,5,8,9,58.0,-1.0,9.0,3.0,2,30.0,0.0,0.0,ATL,33.64,84.42,-5.0,NK
43,3,208.0,3,8,33,16,20,21,4.0,2.0,7.0,7.0,1,19.0,9.0,8.0,BWI,39.17,76.66,-5.0,NK
44,6,193.0,1,1,2,17,13,13,28.0,-1.0,4.0,8.0,2,11.0,9.0,0.0,RSW,26.53,81.75,-5.0,AA
45,6,188.0,3,8,33,22,16,17,84.0,1.0,-2.0,8.0,0,29.0,0.0,0.0,DCA,38.85,77.04,-5.0,AA
46,6,152.0,3,7,27,5,15,15,-5.0,2.0,8.0,7.0,1,11.0,8.0,0.0,STT,18.33,64.97,-4.0,AA
47,6,218.0,2,4,15,16,18,20,80.0,0.0,-3.0,2.0,2,6.0,9.0,0.0,PHX,33.43,112.01,-7.0,AA
48,6,214.0,3,6,26,30,16,18,108.0,1.0,9.0,8.0,0,17.0,0.0,0.0,CLT,35.21,80.94,-5.0,AA
49,6,217.0,3,7,28,13,9,11,95.0,1.0,-1.0,8.0,0,26.0,4.0,0.0,LAX,33.94,118.4,-8.0,AA
50,6,217.0,3,7,30,27,7,7,11.0,0.0,1.0,8.0,1,24.0,7.0,0.0,LAX,33.94,118.4,-8.0,AA
51,6,200.0,2,3,12,22,13,13,12.0,-2.0,10.0,7.0,2,18.0,7.0,0.0,BNA,36.12,86.67,-6.0,AA
52,6,191.0,3,8,32,15,22,22,-2.0,2.0,0.0,3.0,0,0.0,0.0,0.0,SMF,38.69,121.59,-8.0,AA
53,6,159.0,2,3,11,20,15,16,16.0,-3.0,14.0,7.0,4,16.0,0.0,0.0,OMA,41.3,95.89,-6.0,AA
54,6,192.0,2,3,10,12,6,5,-6.0,-1.0,11.0,4.0,1,34.0,0.0,0.0,PDX,45.58,122.59,-8.0,AA
55,6,221.0,1,1,2,13,20,20,-4.0,-2.0,7.0,5.0,5,21.0,2.0,0.0,DFW,32.89,97.04,-6.0,AA
56,6,221.0,3,7,28,14,21,22,49.0,3.0,7.0,5.0,7,18.0,7.0,0.0,DFW,32.89,97.04,-6.0,AA
57,6,221.0,3,7,30,29,20,20,0.0,3.0,4.0,5.0,0,4.0,1.0,0.0,DFW,32.89,97.04,-6.0,AA
58,6,193.0,3,6,25,21,7,7,-6.0,2.0,5.0,8.0,2,15.0,0.0,0.0,RSW,26.53,81.75,-5.0,AA
59,6,188.0,3,8,30,1,22,22,7.0,1.0,-3.0,8.0,1,16.0,7.0,0.0,DCA,38.85,77.04,-5.0,AA
60,6,221.0,3,8,32,9,17,18,26.0,2.0,1.0,7.0,8,18.0,7.0,0.0,DFW,32.89,97.04,-6.0,AA
61,6,218.0,2,5,19,16,11,11,50.0,1.0,-5.0,1.0,2,22.0,0.0,0.0,PHX,33.43,112.01,-7.0,AA
62,6,221.0,3,7,29,19,19,21,125.0,1.0,4.0,9.0,4,2.0,9.0,0.0,DFW,32.89,97.04,-6.0,AA
63,6,214.0,3,8,32,14,13,12,-5.0,1.0,8.0,9.0,2,22.0,1.0,0.0,CLT,35.21,80.94,-5.0,AA
64,6,188.0,1,1,4,29,15,16,49.0,-4.0,14.0,4.0,5,30.0,2.0,0.0,DCA,38.85,77.04,-5.0,AA
65,6,184.0,3,7,29,24,6,6,-5.0,2.0,5.0,7.0,2,26.0,0.0,0.0,MSY,29.99,90.25,-6.0,AA
66,6,221.0,3,6,22,3,22,23,53.0,2.0,3.0,5.0,2,13.0,7.0,0.0,DFW,32.89,97.04,-6.0,AA
67,6,205.0,3,8,33,17,16,16,4.0,1.0,11.0,8.0,0,29.0,10.0,0.0,BOS,42.36,71.0,-5.0,AA
68,6,214.0,2,5,18,4,20,21,55.0,2.0,0.0,5.0,7,24.0,7.0,0.0,CLT,35.21,80.94,-5.0,AA
69,6,175.0,2,3,13,31,16,16,0.0,-3.0,9.0,6.0,5,30.0,2.0,0.0,IND,39.71,86.29,-5.0,AA
70,6,221.0,2,5,18,7,10,10,-5.0,0.0,8.0,6.0,3,7.0,0.0,0.0,DFW,32.89,97.04,-6.0,AA
71,6,221.0,1,2,5,1,12,12,-7.0,-3.0,16.0,8.0,4,33.0,0.0,0.0,DFW,32.89,97.04,-6.0,AA
72,6,198.0,3,6,22,1,6,6,-8.0,0.0,2.0,7.0,2,0.0,9.0,0.0,SAN,32.73,117.19,-7.0,AA
73,6,193.0,1,2,7,19,17,18,48.0,1.0,6.0,9.0,5,19.0,9.0,0.0,RSW,26.53,81.75,-5.0,AA
74,6,218.0,3,7,29,21,20,20,15.0,4.0,-3.0,4.0,1,10.0,7.0,0.0,PHX,33.43,112.01,-7.0,AA
75,6,218.0,3,8,33,18,8,8,-8.0,3.0,-6.0,5.0,2,18.0,0.0,0.0,PHX,33.43,112.01,-7.0,AA
76,6,217.0,1,1,2,11,11,11,-4.0,-1.0,9.0,7.0,3,9.0,4.0,0.0,LAX,33.94,118.4,-8.0,AA
77,6,215.0,3,7,27,7,17,18,77.0,2.0,1.0,7.0,4,22.0,7.0,0.0,ORD,41.98,87.9,-6.0,AA
78,6,221.0,3,8,32,11,7,8,47.0,3.0,2.0,6.0,0,16.0,0.0,0.0,DFW,32.89,97.04,-6.0,AA
79,6,205.0,3,7,28,12,20,23,169.0,0.0,9.0,9.0,4,7.0,9.0,0.0,BOS,42.36,71.0,-5.0,AA
80,6,215.0,3,7,29,24,19,21,137.0,2.0,-1.0,6.0,5,22.0,7.0,0.0,ORD,41.98,87.9,-6.0,AA
81,6,211.0,2,5,18,8,19,19,14.0,2.0,6.0,4.0,7,8.0,7.0,0.0,MIA,25.79,80.27,-5.0,AA
82,6,214.0,2,5,18,7,17,17,10.0,0.0,1.0,5.0,2,33.0,7.0,0.0,CLT,35.21,80.94,-5.0,AA
83,6,205.0,2,3,10,9,18,19,75.0,-2.0,11.0,3.0,1,28.0,4.0,0.0,BOS,42.36,71.0,-5.0,AA
84,6,213.0,3,7,26,1,16,17,29.0,2.0,3.0,9.0,0,0.0,7.0,0.0,FLL,26.07,80.15,-5.0,AA
85,6,221.0,1,1,1,10,17,17,1.0,-3.0,14.0,7.0,2,3.0,9.0,0.0,DFW,32.89,97.04,-6.0,AA
86,6,211.0,2,5,19,16,18,18,0.0,2.0,8.0,4.0,2,0.0,9.0,0.0,MIA,25.79,80.27,-5.0,AA
87,6,218.0,2,3,10,10,19,20,46.0,-1.0,4.0,3.0,2,32.0,0.0,0.0,PHX,33.43,112.01,-7.0,AA
88,6,218.0,3,6,23,13,16,16,-5.0,2.0,-6.0,1.0,1,6.0,2.0,0.0,PHX,33.43,112.01,-7.0,AA
89,6,214.0,3,8,31,7,10,10,-4.0,1.0,2.0,9.0,1,5.0,10.0,0.0,CLT,35.21,80.94,-5.0,AA
90,6,214.0,1,1,4,31,14,15,45.0,-3.0,5.0,8.0,3,2.0,9.0,0.0,CLT,35.21,80.94,-5.0,AA
91,6,218.0,3,6,24,20,9,9,-4.0,4.0,-13.0,1.0,1,26.0,0.0,0.0,PHX,33.43,112.01,-7.0,AA
92,6,213.0,2,4,13,1,7,10,196.0,1.0,7.0,7.0,2,10.0,0.0,0.0,FLL,26.07,80.15,-5.0,AA
93,6,199.0,3,7,28,12,13,13,18.0,-1.0,0.0,9.0,5,26.0,9.0,0.0,SFO,37.62,122.37,-8.0,AA
94,6,214.0,3,6,26,29,20,21,34.0,2.0,14.0,7.0,5,16.0,9.0,0.0,CLT,35.21,80.94,-5.0,AA
95,6,218.0,2,5,20,21,14,15,81.0,1.0,-7.0,0.0,5,30.0,9.0,0.0,PHX,33.43,112.01,-7.0,AA
96,6,166.0,3,7,26,1,5,6,11.0,1.0,0.0,9.0,3,19.0,9.0,16.0,BDL,41.93,72.68,-5.0,AA
97,6,214.0,3,7,27,7,20,20,6.0,3.0,6.0,5.0,3,25.0,9.0,0.0,CLT,35.21,80.94,-5.0,AA
98,6,115.0,3,8,32,14,14,16,93.0,1.0,2.0,5.0,2,29.0,2.0,0.0,FAT,36.77,119.71,-8.0,AA
99,6,218.0,3,6,23,10,7,8,55.0,3.0,-2.0,0.0,3,24.0,7.0,0.0,PHX,33.43,112.01,-7.0,AA
100,6,188.0,3,8,33,22,7,7,-1.0,1.0,-1.0,8.0,0,0.0,0.0,0.0,DCA,38.85,77.04,-5.0,AA
101,6,214.0,2,3,10,11,22,22,8.0,1.0,16.0,4.0,3,24.0,4.0,0.0,CLT,35.21,80.94,-5.0,AA
102,6,221.0,3,6,24,18,15,15,23.0,2.0,1.0,7.0,4,16.0,4.0,0.0,DFW,32.89,97.04,-6.0,AA
103,6,217.0,1,2,8,22,7,7,-6.0,-1.0,11.0,6.0,2,32.0,0.0,0.0,LAX,33.94,118.4,-8.0,AA
104,6,215.0,2,4,14,10,9,9,-1.0,-1.0,-6.0,8.0,3,24.0,7.0,0.0,ORD,41.98,87.9,-6.0,AA
105,6,223.0,3,7,30,29,20,21,99.0,3.0,5.0,5.0,3,22.0,4.0,0.0,ATL,33.64,84.42,-5.0,AA
106,6,214.0,3,8,31,4,16,17,52.0,0.0,1.0,8.0,4,3.0,5.0,0.0,CLT,35.21,80.94,-5.0,AA
107,6,215.0,3,8,31,2,20,21,58.0,1.0,7.0,5.0,3,5.0,7.0,0.0,ORD,41.98,87.9,-6.0,AA
108,6,188.0,3,7,30,29,15,16,82.0,1.0,2.0,9.0,2,14.0,9.0,0.0,DCA,38.85,77.04,-5.0,AA
109,6,221.0,1,2,7,19,8,8,-5.0,-4.0,20.0,6.0,6,33.0,4.0,0.0,DFW,32.89,97.04,-6.0,AA
110,6,221.0,3,6,24,19,20,21,15.0,3.0,0.0,4.0,2,16.0,2.0,0.0,DFW,32.89,97.04,-6.0,AA
111,6,215.0,2,3,11,18,11,13,154.0,-3.0,-2.0,9.0,12,4.0,9.0,0.0,ORD,41.98,87.9,-6.0,AA
112,6,214.0,1,2,7,17,20,21,40.0,-2.0,13.0,4.0,4,4.0,4.0,0.0,CLT,35.21,80.94,-5.0,AA
113,6,215.0,3,6,23,12,15,17,144.0,1.0,-2.0,8.0,2,2.0,4.0,0.0,ORD,41.98,87.9,-6.0,AA
114,6,211.0,3,7,28,14,19,20,67.0,3.0,10.0,7.0,6,9.0,7.0,0.0,MIA,25.79,80.27,-5.0,AA
115,6,217.0,2,5,20,22,13,13,-2.0,-1.0,4.0,7.0,4,11.0,4.0,0.0,LAX,33.94,118.4,-8.0,AA
116,6,198.0,2,3,11,17,7,8,66.0,-1.0,7.0,5.0,2,31.0,2.0,0.0,SAN,32.73,117.19,-7.0,AA
117,6,205.0,3,8,30,1,18,18,0.0,1.0,1.0,5.0,0,29.0,0.0,0.0,BOS,42.36,71.0,-5.0,AA
118,6,211.0,3,6,24,15,16,17,37.0,2.0,4.0,7.0,3,18.0,7.0,0.0,MIA,25.79,80.27,-5.0,AA
119,6,212.0,2,3,11,16,16,17,34.0,0.0,-2.0,8.0,2,16.0,9.0,0.0,IAH,29.99,95.33,-6.0,AA
120,6,218.0,1,1,2,16,20,19,-10.0,-1.0,5.0,2.0,2,13.0,2.0,0.0,PHX,33.43,112.01,-7.0,AA
121,6,211.0,3,6,24,20,20,21,51.0,3.0,6.0,6.0,5,22.0,7.0,0.0,MIA,25.79,80.27,-5.0,AA
122,6,221.0,2,5,19,13,11,11,-5.0,0.0,12.0,8.0,2,5.0,9.0,0.0,DFW,32.89,97.04,-6.0,AA
123,6,211.0,3,6,24,14,13,14,20.0,2.0,1.0,8.0,3,18.0,4.0,0.0,MIA,25.79,80.27,-5.0,AA
124,6,217.0,2,3,12,25,6,5,-3.0,0.0,-1.0,3.0,4,28.0,4.0,0.0,LAX,33.94,118.4,-8.0,AA
125,6,215.0,1,1,2,15,13,13,23.0,-3.0,-17.0,8.0,4,17.0,9.0,0.0,ORD,41.98,87.9,-6.0,AA
126,6,221.0,3,8,32,10,20,20,1.0,3.0,4.0,6.0,1,19.0,0.0,0.0,DFW,32.89,97.04,-6.0,AA
127,6,221.0,3,8,33,20,18,19,32.0,2.0,-1.0,7.0,1,26.0,8.0,0.0,DFW,32.89,97.04,-6.0,AA
128,6,217.0,2,5,20,21,23,23,8.0,0.0,2.0,5.0,11,27.0,4.0,0.0,LAX,33.94,118.4,-8.0,AA
129,6,195.0,1,2,7,18,8,8,-3.0,-4.0,18.0,5.0,1,7.0,2.0,0.0,PHL,39.87,75.24,-5.0,AA
130,6,199.0,3,6,26,30,18,18,32.0,-1.0,-1.0,9.0,4,26.0,9.0,0.0,SFO,37.62,122.37,-8.0,AA
131,6,221.0,3,8,31,2,7,7,24.0,1.0,3.0,9.0,0,31.0,10.0,0.0,DFW,32.89,97.04,-6.0,AA
132,6,193.0,1,1,4,25,7,6,-8.0,0.0,7.0,8.0,3,9.0,9.0,0.0,RSW,26.53,81.75,-5.0,AA
133,6,217.0,1,1,53,3,0,0,7.0,0.0,11.0,5.0,2,19.0,7.0,0.0,LAX,33.94,118.4,-8.0,AA
134,6,221.0,3,7,29,24,14,14,10.0,2.0,3.0,7.0,3,19.0,0.0,0.0,DFW,32.89,97.04,-6.0,AA
135,6,221.0,1,2,7,15,11,11,23.0,-6.0,14.0,7.0,8,34.0,9.0,0.0,DFW,32.89,97.04,-6.0,AA
136,6,205.0,2,5,20,18,10,9,-9.0,-1.0,9.0,7.0,2,25.0,0.0,0.0,BOS,42.36,71.0,-5.0,AA
137,6,214.0,1,1,4,31,11,11,-4.0,-3.0,9.0,7.0,4,5.0,9.0,0.0,CLT,35.21,80.94,-5.0,AA
138,6,214.0,3,6,23,9,14,14,12.0,1.0,7.0,9.0,3,21.0,0.0,0.0,CLT,35.21,80.94,-5.0,AA
139,6,214.0,2,4,16,19,14,14,-5.0,-1.0,-2.0,6.0,5,3.0,7.0,0.0,CLT,35.21,80.94,-5.0,AA
140,6,218.0,2,5,19,11,15,16,37.0,0.0,-3.0,1.0,3,11.0,0.0,0.0,PHX,33.43,112.01,-7.0,AA
141,6,211.0,2,3,10,8,9,13,251.0,0.0,12.0,7.0,4,34.0,0.0,0.0,MIA,25.79,80.27,-5.0,AA
142,6,206.0,3,6,24,20,13,13,20.0,2.0,4.0,7.0,4,21.0,4.0,0.0,TPA,27.97,82.53,-5.0,AA
143,6,99.0,3,7,26,4,8,8,40.0,1.0,3.0,7.0,3,18.0,4.0,0.0,ICT,37.65,97.42,-6.0,AA
144,6,188.0,3,6,24,16,18,18,26.0,1.0,1.0,4.0,4,30.0,4.0,0.0,DCA,38.85,77.04,-5.0,AA
145,6,206.0,2,5,18,5,15,15,-3.0,2.0,6.0,8.0,3,18.0,7.0,0.0,TPA,27.97,82.53,-5.0,AA
146,6,214.0,3,6,25,21,9,9,17.0,1.0,-3.0,9.0,2,26.0,2.0,0.0,CLT,35.21,80.94,-5.0,AA
147,6,215.0,1,1,4,25,19,19,2.0,-4.0,5.0,6.0,5,36.0,9.0,0.0,ORD,41.98,87.9,-6.0,AA
148,6,218.0,1,1,1,7,14,15,72.0,-2.0,6.0,3.0,2,12.0,4.0,0.0,PHX,33.43,112.01,-7.0,AA
149,6,211.0,2,5,19,16,14,15,46.0,1.0,6.0,6.0,2,36.0,7.0,0.0,MIA,25.79,80.27,-5.0,AA
150,6,214.0,2,3,11,18,16,17,56.0,-1.0,-3.0,10.0,3,13.0,9.0,1.0,CLT,35.21,80.94,-5.0,AA
151,6,195.0,1,2,5,1,9,9,-1.0,-4.0,2.0,8.0,9,4.0,9.0,15.0,PHL,39.87,75.24,-5.0,AA
152,6,217.0,2,5,19,15,16,17,18.0,0.0,1.0,7.0,2,15.0,9.0,0.0,LAX,33.94,118.4,-8.0,AA
153,6,214.0,3,7,30,30,9,9,-1.0,2.0,-1.0,8.0,1,17.0,9.0,0.0,CLT,35.21,80.94,-5.0,AA
154,6,218.0,3,6,25,22,22,23,54.0,5.0,-4.0,1.0,3,27.0,7.0,0.0,PHX,33.43,112.01,-7.0,AA
155,6,199.0,3,7,28,13,11,23,704.0,-1.0,-1.0,9.0,6,28.0,7.0,0.0,SFO,37.62,122.37,-8.0,AA
156,6,218.0,2,5,19,15,9,11,102.0,2.0,-5.0,1.0,3,26.0,0.0,0.0,PHX,33.43,112.01,-7.0,AA
157,8,222.0,2,5,17,2,19,20,34.0,0.0,-8.0,4.0,4,5.0,7.0,0.0,DEN,39.85,104.67,-7.0,UA
158,8,223.0,3,6,23,8,17,18,15.0,1.0,10.0,8.0,3,19.0,9.0,0.0,ATL,33.64,84.42,-5.0,UA
159,8,207.0,3,7,26,2,15,15,3.0,1.0,-6.0,9.0,1,17.0,7.0,0.0,EWR,40.68,74.17,-5.0,UA
160,8,222.0,3,8,34,29,15,15,15.0,0.0,7.0,7.0,2,6.0,7.0,0.0,DEN,39.85,104.67,-7.0,UA
161,8,222.0,2,5,19,16,13,13,-3.0,-2.0,2.0,8.0,2,21.0,2.0,0.0,DEN,39.85,104.67,-7.0,UA
162,8,207.0,2,5,17,2,18,18,16.0,0.0,-5.0,3.0,7,25.0,7.0,0.0,EWR,40.68,74.17,-5.0,UA
163,8,212.0,3,7,27,5,20,20,10.0,3.0,1.0,7.0,4,12.0,0.0,8.0,IAH,29.99,95.33,-6.0,UA
164,8,222.0,3,7,28,12,18,18,7.0,1.0,10.0,4.0,4,28.0,2.0,0.0,DEN,39.85,104.67,-7.0,UA
165,8,222.0,3,7,26,4,18,18,4.0,2.0,1.0,5.0,0,19.0,2.0,0.0,DEN,39.85,104.67,-7.0,UA
166,8,222.0,3,8,33,19,11,13,95.0,1.0,-5.0,5.0,3,31.0,7.0,0.0,DEN,39.85,104.67,-7.0,UA
167,8,161.0,3,6,25,24,7,7,7.0,1.0,9.0,6.0,3,8.0,2.0,0.0,CHS,32.89,80.03,-5.0,UA
168,8,222.0,3,7,27,7,18,18,4.0,1.0,6.0,6.0,2,22.0,2.0,0.0,DEN,39.85,104.67,-7.0,UA
169,8,222.0,1,2,8,26,18,17,-4.0,-5.0,-4.0,7.0,3,26.0,2.0,0.0,DEN,39.85,104.67,-7.0,UA
170,8,212.0,3,8,31,3,9,9,0.0,2.0,1.0,8.0,2,34.0,4.0,0.0,IAH,29.99,95.33,-6.0,UA
171,8,212.0,3,8,34,26,14,14,9.0,2.0,2.0,7.0,0,0.0,4.0,0.0,IAH,29.99,95.33,-6.0,UA
172,8,212.0,3,7,30,30,19,19,5.0,3.0,5.0,7.0,3,15.0,2.0,0.0,IAH,29.99,95.33,-6.0,UA
173,8,215.0,2,5,21,30,20,20,11.0,0.0,12.0,3.0,3,6.0,0.0,0.0,ORD,41.98,87.9,-6.0,UA
174,8,222.0,3,7,28,16,7,8,13.0,1.0,6.0,4.0,0,0.0,4.0,0.0,DEN,39.85,104.67,-7.0,UA
175,8,220.0,2,5,19,10,8,8,4.0,1.0,5.0,8.0,4,15.0,2.0,0.0,MCO,28.41,81.3,-5.0,UA
176,8,222.0,3,8,33,20,9,10,34.0,0.0,-4.0,8.0,3,14.0,4.0,0.0,DEN,39.85,104.67,-7.0,UA
177,8,219.0,2,3,11,21,14,14,12.0,-1.0,3.0,3.0,9,34.0,0.0,0.0,LAS,36.08,115.15,-8.0,UA
178,8,188.0,3,8,31,7,6,6,0.0,1.0,6.0,6.0,1,25.0,0.0,0.0,DCA,38.85,77.04,-5.0,UA
179,8,205.0,3,6,26,30,19,20,23.0,3.0,0.0,5.0,4,27.0,0.0,0.0,BOS,42.36,71.0,-5.0,UA
180,8,222.0,3,8,32,12,11,12,34.0,0.0,4.0,4.0,4,19.0,2.0,0.0,DEN,39.85,104.67,-7.0,UA
181,8,215.0,3,6,26,29,14,14,16.0,1.0,8.0,9.0,3,18.0,7.0,0.0,ORD,41.98,87.9,-6.0,UA
182,8,216.0,3,8,33,17,12,12,-1.0,-1.0,-1.0,7.0,3,16.0,9.0,0.0,SEA,47.45,122.3,-8.0,UA
183,8,204.0,2,4,16,24,9,9,21.0,-2.0,1.0,8.0,3,35.0,9.0,0.0,MSP,44.88,93.22,-6.0,UA
184,8,212.0,3,7,28,16,12,14,148.0,2.0,3.0,8.0,0,0.0,2.0,0.0,IAH,29.99,95.33,-6.0,UA
185,8,220.0,3,8,31,5,9,9,-7.0,1.0,3.0,8.0,3,17.0,4.0,0.0,MCO,28.41,81.3,-5.0,UA
186,8,220.0,1,1,4,27,14,13,-9.0,0.0,4.0,10.0,3,18.0,9.0,0.0,MCO,28.41,81.3,-5.0,UA
187,8,217.0,3,7,26,2,22,22,3.0,2.0,0.0,7.0,5,26.0,4.0,0.0,LAX,33.94,118.4,-8.0,UA
188,8,222.0,1,2,6,14,14,14,-3.0,-8.0,5.0,7.0,6,5.0,9.0,0.0,DEN,39.85,104.67,-7.0,UA
189,8,206.0,2,5,21,27,12,11,-4.0,1.0,7.0,7.0,2,14.0,0.0,0.0,TPA,27.97,82.53,-5.0,UA
190,8,207.0,2,4,13,1,7,7,0.0,-1.0,-4.0,10.0,2,16.0,9.0,0.0,EWR,40.68,74.17,-5.0,UA
191,8,215.0,2,3,13,29,9,9,-4.0,-3.0,8.0,5.0,3,26.0,0.0,0.0,ORD,41.98,87.9,-6.0,UA
192,8,194.0,3,7,30,31,6,8,129.0,1.0,1.0,4.0,3,32.0,0.0,0.0,LGA,40.77,73.87,-5.0,UA
193,8,212.0,3,6,25,27,16,17,53.0,2.0,1.0,8.0,3,5.0,7.0,0.0,IAH,29.99,95.33,-6.0,UA
194,8,211.0,2,5,21,28,17,16,-1.0,2.0,6.0,6.0,4,16.0,4.0,0.0,MIA,25.79,80.27,-5.0,UA
195,8,193.0,3,6,24,19,7,7,14.0,2.0,6.0,8.0,2,8.0,0.0,0.0,RSW,26.53,81.75,-5.0,UA
196,8,219.0,3,8,31,8,6,6,10.0,4.0,-4.0,1.0,3,15.0,0.0,0.0,LAS,36.08,115.15,-8.0,UA
197,8,193.0,2,5,18,3,11,10,-1.0,1.0,2.0,8.0,3,15.0,7.0,0.0,RSW,26.53,81.75,-5.0,UA
198,8,222.0,3,6,25,26,15,16,30.0,-1.0,7.0,9.0,4,26.0,7.0,0.0,DEN,39.85,104.67,-7.0,UA
199,8,215.0,3,8,31,6,18,18,21.0,1.0,1.0,7.0,3,22.0,9.0,0.0,ORD,41.98,87.9,-6.0,UA
200,8,204.0,1,2,8,26,11,11,-9.0,-4.0,5.0,8.0,3,15.0,4.0,0.0,MSP,44.88,93.22,-6.0,UA
201,8,222.0,3,6,22,3,13,15,81.0,-1.0,6.0,7.0,4,18.0,2.0,0.0,DEN,39.85,104.67,-7.0,UA
202,8,220.0,3,7,28,18,12,12,50.0,1.0,7.0,7.0,0,0.0,2.0,0.0,MCO,28.41,81.3,-5.0,UA
203,8,189.0,3,8,32,9,16,15,-6.0,2.0,5.0,7.0,4,12.0,4.0,0.0,SJU,18.43,65.99,-4.0,UA
204,8,222.0,2,3,11,21,9,9,0.0,-2.0,-7.0,3.0,9,20.0,0.0,0.0,DEN,39.85,104.67,-7.0,UA
205,8,212.0,2,3,10,14,17,16,-3.0,1.0,1.0,9.0,1,16.0,10.0,0.0,IAH,29.99,95.33,-6.0,UA
206,8,222.0,1,2,6,12,9,9,-5.0,-6.0,5.0,8.0,6,8.0,9.0,0.0,DEN,39.85,104.67,-7.0,UA
207,8,207.0,3,8,32,14,20,21,80.0,3.0,4.0,5.0,6,30.0,7.0,0.0,EWR,40.68,74.17,-5.0,UA
208,8,215.0,3,8,34,26,16,15,-2.0,1.0,7.0,9.0,0,0.0,2.0,0.0,ORD,41.98,87.9,-6.0,UA
209,8,212.0,2,5,19,11,19,19,6.0,2.0,2.0,5.0,7,14.0,7.0,0.0,IAH,29.99,95.33,-6.0,UA
210,8,215.0,3,6,23,12,16,16,16.0,1.0,-2.0,7.0,0,8.0,0.0,0.0,ORD,41.98,87.9,-6.0,UA
211,8,211.0,2,3,12,24,16,16,10.0,1.0,4.0,6.0,2,20.0,4.0,0.0,MIA,25.79,80.27,-5.0,UA
212,8,222.0,3,6,23,8,10,10,-5.0,0.0,-10.0,6.0,2,24.0,10.0,0.0,DEN,39.85,104.67,-7.0,UA
213,8,199.0,3,6,23,9,14,14,-7.0,-2.0,7.0,9.0,1,26.0,4.0,0.0,SFO,37.62,122.37,-8.0,UA
214,8,211.0,3,8,31,2,16,18,99.0,2.0,6.0,7.0,2,0.0,7.0,0.0,MIA,25.79,80.27,-5.0,UA
215,8,220.0,2,3,10,8,14,14,0.0,-2.0,16.0,6.0,5,35.0,2.0,0.0,MCO,28.41,81.3,-5.0,UA
216,8,206.0,3,8,34,27,16,16,-5.0,2.0,3.0,9.0,3,0.0,7.0,0.0,TPA,27.97,82.53,-5.0,UA
217,8,220.0,3,8,32,9,14,16,99.0,1.0,6.0,7.0,2,10.0,4.0,0.0,MCO,28.41,81.3,-5.0,UA
218,8,222.0,3,6,25,25,10,10,14.0,0.0,5.0,5.0,4,33.0,9.0,2.0,DEN,39.85,104.67,-7.0,UA
219,8,211.0,2,3,10,13,14,14,4.0,1.0,9.0,7.0,3,1.0,7.0,0.0,MIA,25.79,80.27,-5.0,UA
220,8,213.0,3,8,31,8,16,16,-6.0,2.0,5.0,8.0,6,10.0,7.0,4.0,FLL,26.07,80.15,-5.0,UA
221,8,212.0,3,8,32,11,18,18,31.0,3.0,6.0,6.0,3,20.0,4.0,0.0,IAH,29.99,95.33,-6.0,UA
222,8,222.0,2,3,12,26,11,11,-3.0,-3.0,-8.0,6.0,3,31.0,9.0,0.0,DEN,39.85,104.67,-7.0,UA
223,8,202.0,3,6,22,6,8,8,-10.0,2.0,4.0,5.0,8,5.0,2.0,0.0,HNL,21.31,157.92,-10.0,UA
224,8,222.0,3,8,31,2,15,17,76.0,0.0,9.0,8.0,2,25.0,4.0,0.0,DEN,39.85,104.67,-7.0,UA
225,8,199.0,2,4,17,29,18,18,16.0,-1.0,10.0,7.0,5,30.0,7.0,0.0,SFO,37.62,122.37,-8.0,UA
226,8,222.0,2,5,20,23,10,10,5.0,-1.0,4.0,10.0,3,34.0,4.0,0.0,DEN,39.85,104.67,-7.0,UA
227,8,207.0,2,3,10,13,14,15,60.0,-3.0,12.0,3.0,8,34.0,2.0,0.0,EWR,40.68,74.17,-5.0,UA
228,9,187.0,3,7,30,29,19,20,32.0,0.0,1.0,7.0,1,24.0,7.0,0.0,OAK,37.71,122.21,-8.0,WN
229,9,222.0,1,1,2,13,12,12,17.0,-3.0,3.0,3.0,5,24.0,7.0,0.0,DEN,39.85,104.67,-7.0,WN
230,9,186.0,3,6,26,30,10,11,41.0,0.0,-1.0,8.0,2,14.0,7.0,0.0,SNA,33.67,117.86,-8.0,WN
231,9,192.0,2,4,15,15,15,15,38.0,-2.0,5.0,6.0,2,30.0,0.0,0.0,PDX,45.58,122.59,-8.0,WN
232,9,219.0,3,8,31,5,9,9,8.0,4.0,-2.0,1.0,3,28.0,0.0,0.0,LAS,36.08,115.15,-8.0,WN
233,9,219.0,3,6,25,24,13,14,77.0,1.0,1.0,2.0,0,24.0,2.0,0.0,LAS,36.08,115.15,-8.0,WN
234,9,164.0,3,8,31,8,17,17,21.0,2.0,4.0,7.0,1,12.0,0.0,0.0,MYR,33.68,78.92,-5.0,WN
235,9,219.0,3,8,31,3,19,20,31.0,4.0,3.0,2.0,2,17.0,2.0,0.0,LAS,36.08,115.15,-8.0,WN
236,9,219.0,3,7,27,10,20,21,28.0,5.0,0.0,1.0,4,29.0,7.0,0.0,LAS,36.08,115.15,-8.0,WN
237,9,213.0,3,6,25,21,12,12,-2.0,2.0,4.0,10.0,2,17.0,7.0,0.0,FLL,26.07,80.15,-5.0,WN
238,9,213.0,3,7,28,15,20,20,30.0,3.0,7.0,7.0,7,9.0,2.0,0.0,FLL,26.07,80.15,-5.0,WN
239,9,185.0,3,6,24,15,20,22,129.0,1.0,5.0,6.0,5,2.0,0.0,0.0,OGG,20.89,156.43,-10.0,WN
240,9,159.0,1,2,6,14,8,8,1.0,-7.0,21.0,6.0,8,36.0,9.0,0.0,OMA,41.3,95.89,-6.0,WN
241,9,218.0,3,8,30,1,20,23,168.0,4.0,2.0,4.0,1,10.0,4.0,0.0,PHX,33.43,112.01,-7.0,WN
242,9,197.0,2,4,17,30,15,16,43.0,0.0,7.0,7.0,3,2.0,9.0,2.0,DAL,32.84,96.85,-6.0,WN
243,9,203.0,2,5,21,27,19,20,16.0,-1.0,8.0,5.0,6,6.0,7.0,0.0,MDW,41.78,87.75,-6.0,WN
244,9,222.0,3,6,22,6,20,22,133.0,2.0,-2.0,3.0,3,19.0,7.0,0.0,DEN,39.85,104.67,-7.0,WN
245,9,208.0,2,5,21,27,15,15,13.0,1.0,3.0,7.0,3,29.0,2.0,0.0,BWI,39.17,76.66,-5.0,WN
246,9,169.0,1,1,53,2,17,17,-6.0,1.0,6.0,8.0,4,20.0,9.0,0.0,JAX,30.49,81.68,-5.0,WN
247,9,194.0,3,8,34,23,15,18,150.0,1.0,-6.0,9.0,3,0.0,9.0,2.0,LGA,40.77,73.87,-5.0,WN
248,9,215.0,2,3,10,11,9,9,-5.0,0.0,-4.0,6.0,11,22.0,9.0,0.0,ORD,41.98,87.9,-6.0,WN
249,9,198.0,3,7,26,4,18,19,77.0,0.0,1.0,8.0,2,30.0,9.0,0.0,SAN,32.73,117.19,-7.0,WN
250,9,222.0,3,8,32,13,18,19,53.0,1.0,10.0,6.0,3,32.0,4.0,0.0,DEN,39.85,104.67,-7.0,WN
251,9,200.0,1,2,6,11,14,14,43.0,-3.0,7.0,8.0,7,1.0,9.0,3.0,BNA,36.12,86.67,-6.0,WN
252,9,208.0,3,6,22,5,14,14,17.0,0.0,3.0,8.0,2,24.0,2.0,0.0,BWI,39.17,76.66,-5.0,WN
253,9,223.0,2,5,20,20,15,15,3.0,0.0,15.0,8.0,3,12.0,7.0,0.0,ATL,33.64,84.42,-5.0,WN
254,9,222.0,1,2,5,7,13,13,-5.0,-3.0,-10.0,4.0,3,25.0,7.0,0.0,DEN,39.85,104.67,-7.0,WN
255,9,219.0,2,3,12,26,10,10,4.0,-1.0,-7.0,4.0,10,35.0,7.0,0.0,LAS,36.08,115.15,-8.0,WN
256,9,191.0,3,7,28,18,17,17,5.0,1.0,0.0,6.0,3,15.0,0.0,0.0,SMF,38.69,121.59,-8.0,WN
257,9,218.0,3,6,26,28,21,21,20.0,4.0,-6.0,2.0,5,13.0,2.0,0.0,PHX,33.43,112.01,-7.0,WN
258,9,208.0,3,7,27,10,21,21,25.0,2.0,2.0,5.0,1,24.0,7.0,0.0,BWI,39.17,76.66,-5.0,WN
259,9,222.0,2,3,12,22,12,12,3.0,-4.0,3.0,9.0,2,33.0,9.0,0.0,DEN,39.85,104.67,-7.0,WN
260,9,219.0,3,8,33,22,15,17,133.0,1.0,-4.0,3.0,2,26.0,0.0,0.0,LAS,36.08,115.15,-8.0,WN
261,9,220.0,3,6,23,13,21,22,47.0,1.0,1.0,7.0,12,21.0,7.0,10.0,MCO,28.41,81.3,-5.0,WN
262,9,223.0,3,8,33,20,8,8,5.0,1.0,5.0,9.0,3,30.0,7.0,0.0,ATL,33.64,84.42,-5.0,WN
263,9,169.0,3,6,26,30,14,15,47.0,1.0,8.0,10.0,2,5.0,7.0,0.0,JAX,30.49,81.68,-5.0,WN
264,9,150.0,3,8,35,30,7,7,33.0,1.0,-6.0,7.0,4,30.0,0.0,0.0,LGB,33.81,118.15,-8.0,WN
265,9,223.0,2,3,9,1,17,17,5.0,-1.0,5.0,9.0,4,30.0,9.0,0.0,ATL,33.64,84.42,-5.0,WN
266,9,185.0,3,6,22,6,18,18,11.0,1.0,4.0,7.0,6,7.0,7.0,0.0,OGG,20.89,156.43,-10.0,WN
267,9,220.0,3,6,24,20,16,17,33.0,2.0,5.0,8.0,4,20.0,9.0,0.0,MCO,28.41,81.3,-5.0,WN
268,9,219.0,2,5,20,19,17,17,28.0,1.0,-6.0,1.0,5,18.0,2.0,0.0,LAS,36.08,115.15,-8.0,WN
269,9,217.0,3,7,27,5,6,6,13.0,1.0,0.0,8.0,7,25.0,7.0,0.0,LAX,33.94,118.4,-8.0,WN
270,9,217.0,3,6,25,23,18,19,40.0,0.0,1.0,7.0,3,25.0,7.0,0.0,LAX,33.94,118.4,-8.0,WN
271,9,173.0,3,7,28,15,18,18,46.0,2.0,7.0,7.0,6,21.0,2.0,0.0,CVG,39.05,84.66,-5.0,WN
272,9,187.0,3,7,30,30,8,9,29.0,0.0,-1.0,7.0,0,18.0,0.0,0.0,OAK,37.71,122.21,-8.0,WN
273,9,203.0,2,5,18,9,21,21,-1.0,-2.0,0.0,6.0,6,3.0,7.0,0.0,MDW,41.78,87.75,-6.0,WN
274,9,219.0,3,8,31,6,13,14,52.0,3.0,-4.0,1.0,4,18.0,0.0,0.0,LAS,36.08,115.15,-8.0,WN
275,9,208.0,3,6,24,14,17,17,5.0,1.0,-2.0,6.0,3,21.0,7.0,0.0,BWI,39.17,76.66,-5.0,WN
276,9,218.0,3,8,32,9,21,22,88.0,3.0,-1.0,5.0,1,31.0,10.0,0.0,PHX,33.43,112.01,-7.0,WN
277,9,174.0,3,6,25,22,19,21,159.0,0.0,1.0,6.0,5,30.0,9.0,0.0,PIT,40.49,80.23,-5.0,WN
278,9,219.0,2,4,13,2,6,6,-1.0,1.0,1.0,0.0,1,27.0,7.0,0.0,LAS,36.08,115.15,-8.0,WN
279,9,203.0,3,6,23,7,18,19,79.0,1.0,2.0,8.0,4,21.0,9.0,7.0,MDW,41.78,87.75,-6.0,WN
280,9,192.0,3,7,30,30,13,13,8.0,1.0,0.0,6.0,0,0.0,0.0,0.0,PDX,45.58,122.59,-8.0,WN
281,9,208.0,3,7,29,19,19,19,17.0,2.0,2.0,5.0,1,31.0,0.0,0.0,BWI,39.17,76.66,-5.0,WN
282,9,173.0,3,7,28,14,14,15,36.0,0.0,10.0,9.0,2,20.0,2.0,0.0,CVG,39.05,84.66,-5.0,WN
283,9,175.0,3,6,23,10,15,16,15.0,1.0,2.0,8.0,2,12.0,7.0,0.0,IND,39.71,86.29,-5.0,WN
284,9,203.0,1,1,2,15,13,13,11.0,-3.0,-16.0,8.0,5,19.0,9.0,0.0,MDW,41.78,87.75,-6.0,WN
285,9,200.0,2,3,12,27,18,19,17.0,-1.0,4.0,9.0,5,14.0,9.0,42.0,BNA,36.12,86.67,-6.0,WN
286,9,203.0,2,5,18,6,14,14,33.0,-2.0,6.0,5.0,3,20.0,9.0,0.0,MDW,41.78,87.75,-6.0,WN
287,9,218.0,2,5,21,27,9,9,-1.0,2.0,0.0,1.0,3,25.0,2.0,0.0,PHX,33.43,112.01,-7.0,WN
288,9,220.0,2,5,19,12,18,18,25.0,3.0,5.0,6.0,4,21.0,4.0,0.0,MCO,28.41,81.3,-5.0,WN
289,9,203.0,3,6,25,24,6,6,-2.0,1.0,3.0,4.0,7,18.0,2.0,0.0,MDW,41.78,87.75,-6.0,WN
290,9,223.0,3,8,31,2,21,22,36.0,3.0,4.0,4.0,4,33.0,4.0,0.0,ATL,33.64,84.42,-5.0,WN
291,9,200.0,3,7,27,7,18,19,18.0,2.0,-2.0,6.0,0,32.0,7.0,0.0,BNA,36.12,86.67,-6.0,WN
292,9,132.0,3,7,27,10,13,14,6.0,1.0,6.0,8.0,2,22.0,10.0,0.0,ECP,30.35,85.79,-6.0,WN
293,9,175.0,3,6,26,28,20,20,14.0,3.0,9.0,5.0,5,21.0,4.0,0.0,IND,39.71,86.29,-5.0,WN
294,9,150.0,3,8,31,5,18,18,-1.0,1.0,0.0,8.0,0,0.0,2.0,0.0,LGB,33.81,118.15,-8.0,WN
295,9,197.0,3,6,24,18,21,23,122.0,3.0,1.0,5.0,3,7.0,4.0,0.0,DAL,32.84,96.85,-6.0,WN
296,9,222.0,3,8,32,12,20,20,31.0,2.0,6.0,3.0,4,1.0,2.0,0.0,DEN,39.85,104.67,-7.0,WN
297,9,208.0,2,4,13,1,11,11,20.0,-2.0,0.0,8.0,8,33.0,9.0,11.0,BWI,39.17,76.66,-5.0,WN
298,9,218.0,2,4,17,30,12,12,15.0,1.0,4.0,2.0,3,9.0,0.0,0.0,PHX,33.43,112.01,-7.0,WN
299,9,194.0,2,5,18,6,18,19,83.0,-1.0,3.0,4.0,3,0.0,2.0,0.0,LGA,40.77,73.87,-5.0,WN
300,9,203.0,3,8,32,14,12,13,32.0,0.0,8.0,7.0,2,1.0,6.0,0.0,MDW,41.78,87.75,-6.0,WN
301,9,181.0,3,6,22,1,19,19,0.0,0.0,2.0,5.0,2,10.0,2.0,0.0,SJC,37.36,121.92,-8.0,WN
302,9,181.0,3,6,22,6,7,7,42.0,0.0,-2.0,6.0,5,33.0,4.0,0.0,SJC,37.36,121.92,-8.0,WN
303,9,208.0,3,6,24,15,6,6,0.0,0.0,-4.0,9.0,4,20.0,9.0,132.0,BWI,39.17,76.66,-5.0,WN
304,9,125.0,2,5,20,18,13,13,8.0,-1.0,9.0,9.0,2,26.0,7.0,0.0,PWM,43.64,70.3,-5.0,WN
305,9,211.0,3,8,31,6,17,17,18.0,3.0,7.0,7.0,4,14.0,7.0,0.0,MIA,25.79,80.27,-5.0,WN
306,9,197.0,3,6,25,27,22,22,32.0,3.0,0.0,5.0,3,20.0,4.0,0.0,DAL,32.84,96.85,-6.0,WN
307,9,216.0,3,7,28,14,17,17,19.0,-1.0,4.0,9.0,3,21.0,9.0,0.0,SEA,47.45,122.3,-8.0,WN
308,9,189.0,2,5,21,24,15,15,-5.0,2.0,5.0,8.0,4,9.0,4.0,0.0,SJU,18.43,65.99,-4.0,WN
309,9,218.0,2,5,20,19,7,7,4.0,3.0,-7.0,1.0,5,23.0,2.0,0.0,PHX,33.43,112.01,-7.0,WN
310,9,217.0,2,3,12,25,18,19,22.0,-1.0,-1.0,8.0,3,11.0,7.0,0.0,LAX,33.94,118.4,-8.0,WN
311,9,213.0,3,6,25,25,15,15,-1.0,2.0,4.0,8.0,8,11.0,7.0,0.0,FLL,26.07,80.15,-5.0,WN
312,9,219.0,1,2,7,15,8,8,9.0,-2.0,1.0,2.0,2,0.0,4.0,0.0,LAS,36.08,115.15,-8.0,WN
313,9,218.0,2,5,20,21,8,8,-1.0,2.0,-7.0,2.0,8,20.0,9.0,0.0,PHX,33.43,112.01,-7.0,WN
314,9,203.0,3,8,33,18,20,21,27.0,2.0,5.0,6.0,6,7.0,7.0,0.0,MDW,41.78,87.75,-6.0,WN
315,9,222.0,3,7,30,31,11,11,12.0,0.0,8.0,8.0,2,25.0,9.0,0.0,DEN,39.85,104.67,-7.0,WN
316,9,220.0,3,6,25,25,20,21,61.0,2.0,7.0,7.0,3,12.0,9.0,0.0,MCO,28.41,81.3,-5.0,WN
317,9,168.0,3,8,32,10,17,19,135.0,2.0,8.0,6.0,1,13.0,0.0,0.0,SRQ,27.39,82.55,-5.0,WN
318,9,188.0,1,2,5,7,18,18,-1.0,-3.0,-1.0,10.0,3,1.0,9.0,0.0,DCA,38.85,77.04,-5.0,WN
319,9,208.0,3,8,32,14,16,18,109.0,2.0,4.0,8.0,1,23.0,0.0,0.0,BWI,39.17,76.66,-5.0,WN
320,9,218.0,3,6,23,7,16,17,57.0,1.0,-4.0,1.0,5,8.0,4.0,0.0,PHX,33.43,112.01,-7.0,WN
321,9,218.0,3,7,30,31,18,19,84.0,2.0,4.0,7.0,2,10.0,7.0,0.0,PHX,33.43,112.01,-7.0,WN
322,9,222.0,3,6,24,20,8,8,25.0,0.0,-1.0,6.0,4,19.0,2.0,0.0,DEN,39.85,104.67,-7.0,WN
323,9,150.0,3,8,31,8,7,8,51.0,0.0,-1.0,8.0,2,15.0,0.0,0.0,LGB,33.81,118.15,-8.0,WN
324,9,191.0,3,8,31,2,13,14,18.0,0.0,3.0,6.0,3,11.0,0.0,0.0,SMF,38.69,121.59,-8.0,WN
325,9,197.0,3,7,28,16,19,19,19.0,2.0,5.0,6.0,1,8.0,4.0,0.0,DAL,32.84,96.85,-6.0,WN
326,9,208.0,2,4,16,24,10,10,6.0,-2.0,5.0,6.0,2,24.0,0.0,0.0,BWI,39.17,76.66,-5.0,WN
327,9,218.0,3,8,33,21,9,9,7.0,3.0,-8.0,4.0,2,20.0,0.0,0.0,PHX,33.43,112.01,-7.0,WN
328,9,184.0,3,7,30,28,17,17,9.0,2.0,5.0,7.0,2,35.0,2.0,0.0,MSY,29.99,90.25,-6.0,WN
329,9,215.0,2,3,12,27,9,9,27.0,-3.0,6.0,8.0,2,2.0,7.0,0.0,ORD,41.98,87.9,-6.0,WN
330,9,223.0,2,4,14,10,13,14,33.0,0.0,-2.0,8.0,4,13.0,9.0,0.0,ATL,33.64,84.42,-5.0,WN
331,9,209.0,3,8,31,4,11,11,11.0,1.0,9.0,5.0,2,17.0,2.0,0.0,SLC,40.78,111.97,-7.0,WN
332,9,197.0,3,8,33,20,13,14,27.0,2.0,-1.0,7.0,0,22.0,0.0,0.0,DAL,32.84,96.85,-6.0,WN
333,9,199.0,3,8,34,26,9,9,-2.0,-1.0,3.0,8.0,6,29.0,2.0,0.0,SFO,37.62,122.37,-8.0,WN
334,9,132.0,2,5,20,21,13,14,23.0,1.0,11.0,6.0,4,6.0,0.0,0.0,ECP,30.35,85.79,-6.0,WN
335,9,222.0,2,5,21,24,6,6,4.0,-1.0,2.0,7.0,5,6.0,2.0,0.0,DEN,39.85,104.67,-7.0,WN
336,9,218.0,3,6,24,15,20,23,192.0,4.0,-4.0,1.0,2,0.0,7.0,0.0,PHX,33.43,112.01,-7.0,WN
337,9,182.0,3,7,26,3,13,13,14.0,0.0,-3.0,8.0,4,31.0,2.0,0.0,IAD,38.95,77.45,-5.0,WN
338,9,209.0,3,7,30,26,14,14,15.0,1.0,5.0,3.0,0,33.0,2.0,0.0,SLC,40.78,111.97,-7.0,WN
339,9,222.0,3,8,32,9,10,10,11.0,1.0,-3.0,4.0,3,21.0,0.0,0.0,DEN,39.85,104.67,-7.0,WN
340,9,200.0,3,7,27,9,21,22,48.0,3.0,0.0,6.0,1,29.0,4.0,0.0,BNA,36.12,86.67,-6.0,WN
341,9,203.0,3,6,24,20,13,14,16.0,0.0,-10.0,9.0,1,5.0,5.0,0.0,MDW,41.78,87.75,-6.0,WN
342,9,184.0,1,2,8,23,16,17,42.0,-2.0,10.0,7.0,2,1.0,0.0,0.0,MSY,29.99,90.25,-6.0,WN
343,9,222.0,3,8,34,29,19,19,45.0,0.0,7.0,6.0,2,11.0,2.0,0.0,DEN,39.85,104.67,-7.0,WN
344,9,222.0,3,6,23,12,21,22,17.0,2.0,8.0,2.0,3,6.0,0.0,0.0,DEN,39.85,104.67,-7.0,WN
345,9,197.0,3,6,25,26,21,23,82.0,3.0,-1.0,4.0,6,16.0,7.0,0.0,DAL,32.84,96.85,-6.0,WN
346,9,169.0,3,7,26,4,16,18,125.0,2.0,2.0,9.0,2,16.0,9.0,0.0,JAX,30.49,81.68,-5.0,WN
347,9,213.0,3,7,27,5,16,16,18.0,2.0,2.0,7.0,4,15.0,7.0,0.0,FLL,26.07,80.15,-5.0,WN
348,9,181.0,3,8,32,9,13,14,71.0,0.0,-22.0,8.0,2,15.0,0.0,0.0,SJC,37.36,121.92,-8.0,WN
349,9,218.0,1,1,2,11,12,12,2.0,-2.0,9.0,3.0,2,10.0,2.0,0.0,PHX,33.43,112.01,-7.0,WN
350,9,222.0,1,2,6,14,13,14,24.0,-8.0,5.0,8.0,5,4.0,9.0,0.0,DEN,39.85,104.67,-7.0,WN
351,9,212.0,2,4,16,23,18,19,56.0,1.0,0.0,9.0,5,14.0,9.0,1.0,IAH,29.99,95.33,-6.0,WN
352,9,222.0,3,8,32,14,10,10,-2.0,1.0,8.0,6.0,3,17.0,0.0,0.0,DEN,39.85,104.67,-7.0,WN
353,9,198.0,3,6,25,27,17,18,76.0,0.0,-6.0,8.0,2,17.0,9.0,0.0,SAN,32.73,117.19,-7.0,WN
354,9,223.0,3,7,27,7,14,14,22.0,1.0,6.0,9.0,3,3.0,9.0,0.0,ATL,33.64,84.42,-5.0,WN
355,9,209.0,3,7,27,10,16,17,38.0,1.0,10.0,2.0,3,17.0,7.0,0.0,SLC,40.78,111.97,-7.0,WN
356,9,220.0,3,7,29,25,19,19,27.0,3.0,1.0,6.0,5,36.0,4.0,0.0,MCO,28.41,81.3,-5.0,WN
357,9,222.0,2,3,11,15,18,18,44.0,-5.0,-5.0,9.0,7,19.0,4.0,0.0,DEN,39.85,104.67,-7.0,WN
358,9,200.0,3,8,33,16,22,23,35.0,2.0,0.0,7.0,0,2.0,7.0,0.0,BNA,36.12,86.67,-6.0,WN
359,9,222.0,1,2,5,3,15,15,-7.0,-3.0,-2.0,4.0,6,21.0,7.0,0.0,DEN,39.85,104.67,-7.0,WN
360,9,135.0,3,8,32,12,16,16,7.0,2.0,1.0,7.0,2,17.0,7.0,0.0,TUL,36.19,95.88,-6.0,WN
361,9,219.0,3,7,27,8,8,8,15.0,5.0,-7.0,1.0,3,26.0,2.0,0.0,LAS,36.08,115.15,-8.0,WN
362,9,220.0,3,7,26,4,15,15,4.0,1.0,2.0,8.0,3,21.0,7.0,0.0,MCO,28.41,81.3,-5.0,WN
363,9,218.0,3,6,23,9,20,20,1.0,3.0,1.0,1.0,2,13.0,7.0,0.0,PHX,33.43,112.01,-7.0,WN
364,9,211.0,2,3,11,16,14,15,44.0,1.0,6.0,7.0,3,13.0,7.0,0.0,MIA,25.79,80.27,-5.0,WN
365,9,213.0,3,7,30,27,17,17,-1.0,3.0,3.0,7.0,2,15.0,2.0,0.0,FLL,26.07,80.15,-5.0,WN
366,9,192.0,3,6,24,14,13,13,18.0,0.0,-1.0,6.0,0,34.0,9.0,11.0,PDX,45.58,122.59,-8.0,WN
367,9,135.0,2,4,17,26,14,14,0.0,0.0,-4.0,6.0,5,15.0,4.0,0.0,TUL,36.19,95.88,-6.0,WN
368,9,160.0,3,7,29,21,13,13,13.0,0.0,-1.0,3.0,2,17.0,1.0,0.0,GEG,47.62,117.53,-8.0,WN
369,9,200.0,3,8,33,17,14,14,16.0,1.0,-1.0,8.0,0,9.0,7.0,0.0,BNA,36.12,86.67,-6.0,WN
370,9,203.0,1,2,6,10,20,20,9.0,-5.0,16.0,5.0,3,29.0,9.0,0.0,MDW,41.78,87.75,-6.0,WN
371,9,192.0,3,7,29,21,19,19,20.0,0.0,8.0,6.0,4,31.0,4.0,0.0,PDX,45.58,122.59,-8.0,WN
372,9,208.0,3,6,23,10,14,18,282.0,1.0,2.0,8.0,2,24.0,7.0,0.0,BWI,39.17,76.66,-5.0,WN
373,9,179.0,2,5,19,12,18,18,9.0,0.0,9.0,7.0,8,1.0,9.0,0.0,SAT,29.53,98.46,-6.0,WN
374,9,200.0,3,7,26,2,15,15,8.0,1.0,-4.0,8.0,2,31.0,9.0,0.0,BNA,36.12,86.67,-6.0,WN
375,9,169.0,3,7,27,10,11,11,49.0,1.0,5.0,9.0,2,23.0,7.0,0.0,JAX,30.49,81.68,-5.0,WN
376,9,218.0,3,8,32,15,22,22,19.0,3.0,-1.0,4.0,1,20.0,7.0,0.0,PHX,33.43,112.01,-7.0,WN
377,9,193.0,3,7,29,19,6,6,-1.0,2.0,7.0,8.0,2,10.0,2.0,0.0,RSW,26.53,81.75,-5.0,WN
378,9,217.0,3,7,28,14,18,19,31.0,1.0,2.0,8.0,2,0.0,9.0,0.0,LAX,33.94,118.4,-8.0,WN
379,9,187.0,2,5,20,21,20,21,21.0,0.0,4.0,5.0,4,25.0,2.0,0.0,OAK,37.71,122.21,-8.0,WN
380,9,146.0,1,2,5,7,6,6,-5.0,-2.0,3.0,1.0,2,18.0,0.0,0.0,ABQ,35.04,106.61,-7.0,WN
381,9,208.0,3,8,34,25,11,13,140.0,1.0,2.0,9.0,1,34.0,0.0,0.0,BWI,39.17,76.66,-5.0,WN
382,9,203.0,3,7,29,24,14,14,24.0,1.0,-1.0,7.0,4,21.0,2.0,0.0,MDW,41.78,87.75,-6.0,WN
383,9,187.0,1,2,7,21,6,6,-1.0,-1.0,16.0,6.0,4,32.0,0.0,0.0,OAK,37.71,122.21,-8.0,WN
384,9,200.0,3,6,24,19,10,11,7.0,1.0,3.0,7.0,3,18.0,2.0,0.0,BNA,36.12,86.67,-6.0,WN
385,9,185.0,3,6,25,26,12,13,14.0,1.0,5.0,7.0,4,4.0,4.0,0.0,OGG,20.89,156.43,-10.0,WN
386,9,132.0,3,8,31,2,11,12,51.0,2.0,2.0,8.0,5,25.0,2.0,0.0,ECP,30.35,85.79,-6.0,WN
387,9,199.0,1,2,8,28,8,9,74.0,-1.0,9.0,7.0,4,28.0,0.0,0.0,SFO,37.62,122.37,-8.0,WN
388,9,146.0,2,3,10,12,10,11,49.0,-2.0,3.0,0.0,3,18.0,7.0,0.0,ABQ,35.04,106.61,-7.0,WN
389,9,132.0,3,7,28,13,18,18,-7.0,2.0,11.0,8.0,2,0.0,7.0,0.0,ECP,30.35,85.79,-6.0,WN
390,9,208.0,3,6,25,27,19,21,100.0,2.0,9.0,6.0,5,21.0,7.0,0.0,BWI,39.17,76.66,-5.0,WN
391,9,219.0,3,7,27,6,15,16,15.0,3.0,-1.0,1.0,0,0.0,7.0,0.0,LAS,36.08,115.15,-8.0,WN
392,9,223.0,1,1,3,20,13,13,16.0,-2.0,12.0,7.0,7,30.0,7.0,0.0,ATL,33.64,84.42,-5.0,WN
393,9,208.0,2,4,13,1,15,17,76.0,-3.0,1.0,8.0,4,29.0,9.0,0.0,BWI,39.17,76.66,-5.0,WN
394,9,166.0,2,4,16,19,14,14,-3.0,-2.0,-3.0,8.0,0,23.0,9.0,0.0,BDL,41.93,72.68,-5.0,WN
395,9,218.0,3,6,23,11,18,21,150.0,2.0,-2.0,1.0,2,7.0,2.0,0.0,PHX,33.43,112.01,-7.0,WN
396,9,179.0,3,8,32,9,20,20,19.0,3.0,3.0,6.0,5,17.0,4.0,0.0,SAT,29.53,98.46,-6.0,WN
397,9,208.0,3,8,34,23,14,15,12.0,1.0,-5.0,9.0,1,26.0,9.0,0.0,BWI,39.17,76.66,-5.0,WN
398,9,186.0,3,7,27,10,14,14,28.0,1.0,0.0,8.0,0,0.0,0.0,0.0,SNA,33.67,117.86,-8.0,WN
399,9,223.0,3,7,27,7,19,19,14.0,2.0,6.0,6.0,3,11.0,7.0,0.0,ATL,33.64,84.42,-5.0,WN
400,9,197.0,2,3,13,30,20,20,-6.0,1.0,-1.0,6.0,5,18.0,9.0,0.0,DAL,32.84,96.85,-6.0,WN
401,9,174.0,2,3,12,26,10,10,26.0,0.0,-10.0,7.0,6,16.0,7.0,0.0,PIT,40.49,80.23,-5.0,WN
402,9,217.0,2,5,21,28,19,20,47.0,0.0,3.0,7.0,2,0.0,9.0,0.0,LAX,33.94,118.4,-8.0,WN
403,9,144.0,3,8,31,2,14,14,-5.0,0.0,5.0,8.0,3,35.0,0.0,0.0,OKC,35.39,97.6,-6.0,WN
404,9,220.0,2,5,18,4,15,15,0.0,1.0,5.0,8.0,2,18.0,4.0,0.0,MCO,28.41,81.3,-5.0,WN
405,9,118.0,2,3,10,13,13,13,26.0,-4.0,16.0,5.0,5,34.0,0.0,0.0,ROC,43.12,77.66,-5.0,WN
406,9,203.0,3,7,28,14,19,20,22.0,2.0,6.0,6.0,5,20.0,4.0,0.0,MDW,41.78,87.75,-6.0,WN
407,9,171.0,2,4,15,16,11,11,25.0,-1.0,2.0,7.0,1,22.0,7.0,0.0,ONT,34.05,117.59,-8.0,WN
408,9,203.0,3,6,24,19,21,22,80.0,2.0,-6.0,5.0,7,23.0,2.0,0.0,MDW,41.78,87.75,-6.0,WN
409,9,203.0,3,6,23,13,18,18,24.0,2.0,3.0,4.0,4,4.0,0.0,0.0,MDW,41.78,87.75,-6.0,WN
410,10,223.0,3,7,27,6,22,22,0.0,2.0,7.0,5.0,4,14.0,7.0,0.0,ATL,33.64,84.42,-5.0,DL
411,10,211.0,3,6,22,6,19,22,158.0,3.0,6.0,6.0,8,13.0,7.0,0.0,MIA,25.79,80.27,-5.0,DL
412,10,205.0,2,4,14,10,8,8,26.0,-2.0,6.0,7.0,5,23.0,4.0,0.0,BOS,42.36,71.0,-5.0,DL
413,10,216.0,3,7,26,2,22,23,10.0,1.0,4.0,7.0,3,29.0,9.0,0.0,SEA,47.45,122.3,-8.0,DL
414,10,206.0,3,7,26,3,16,15,-3.0,2.0,2.0,8.0,4,24.0,7.0,0.0,TPA,27.97,82.53,-5.0,DL
415,10,209.0,3,8,30,1,22,22,-2.0,2.0,11.0,4.0,1,24.0,7.0,0.0,SLC,40.78,111.97,-7.0,DL
416,10,221.0,2,5,18,4,14,14,50.0,0.0,-4.0,7.0,6,31.0,7.0,0.0,DFW,32.89,97.04,-6.0,DL
417,10,204.0,1,1,53,2,20,20,2.0,-5.0,5.0,9.0,2,19.0,9.0,0.0,MSP,44.88,93.22,-6.0,DL
418,10,194.0,3,6,23,7,15,15,-2.0,2.0,7.0,7.0,2,0.0,2.0,0.0,LGA,40.77,73.87,-5.0,DL
419,10,222.0,3,6,25,24,14,15,15.0,0.0,6.0,6.0,3,27.0,9.0,0.0,DEN,39.85,104.67,-7.0,DL
420,10,223.0,3,6,25,21,17,17,-4.0,2.0,2.0,7.0,4,25.0,7.0,0.0,ATL,33.64,84.42,-5.0,DL
421,10,223.0,3,7,26,1,22,22,18.0,2.0,3.0,6.0,5,20.0,7.0,0.0,ATL,33.64,84.42,-5.0,DL
422,10,204.0,2,3,9,2,18,18,-5.0,-4.0,0.0,6.0,7,20.0,2.0,0.0,MSP,44.88,93.22,-6.0,DL
423,10,201.0,3,8,31,3,10,10,17.0,0.0,6.0,6.0,4,36.0,2.0,0.0,JFK,40.64,73.77,-5.0,DL
424,10,217.0,2,3,11,21,22,22,10.0,0.0,6.0,5.0,5,24.0,2.0,0.0,LAX,33.94,118.4,-8.0,DL
425,10,169.0,3,6,25,21,18,19,18.0,2.0,5.0,7.0,4,22.0,7.0,0.0,JAX,30.49,81.68,-5.0,DL
426,10,180.0,1,2,5,4,6,6,36.0,-1.0,-8.0,5.0,6,16.0,9.0,0.0,MCI,39.3,94.7,-6.0,DL
427,10,114.0,3,7,29,21,14,14,10.0,-1.0,3.0,8.0,0,0.0,0.0,0.0,FCA,48.3,114.25,-7.0,DL
428,10,223.0,1,2,6,12,16,16,13.0,-1.0,3.0,10.0,2,32.0,9.0,0.0,ATL,33.64,84.42,-5.0,DL
429,10,201.0,3,6,25,27,8,8,16.0,1.0,9.0,9.0,7,19.0,7.0,0.0,JFK,40.64,73.77,-5.0,DL
430,10,209.0,1,2,7,19,11,12,33.0,-4.0,11.0,5.0,3,14.0,9.0,0.0,SLC,40.78,111.97,-7.0,DL
431,10,209.0,2,4,15,18,11,13,71.0,-3.0,11.0,6.0,2,9.0,0.0,0.0,SLC,40.78,111.97,-7.0,DL
432,10,215.0,3,8,32,11,9,15,356.0,1.0,-2.0,9.0,2,18.0,2.0,0.0,ORD,41.98,87.9,-6.0,DL
433,10,191.0,2,4,14,11,10,10,18.0,-1.0,0.0,5.0,4,14.0,2.0,0.0,SMF,38.69,121.59,-8.0,DL
434,10,196.0,3,8,33,17,12,12,-3.0,1.0,-1.0,8.0,2,12.0,4.0,0.0,HOU,29.64,95.27,-6.0,DL
435,10,148.0,1,1,4,26,13,13,-3.0,-4.0,-6.0,9.0,7,4.0,9.0,0.0,GRR,42.88,85.52,-5.0,DL
436,10,204.0,2,3,9,5,10,10,29.0,-3.0,14.0,6.0,2,13.0,9.0,0.0,MSP,44.88,93.22,-6.0,DL
437,10,205.0,3,8,32,14,7,7,-3.0,2.0,2.0,8.0,2,22.0,1.0,0.0,BOS,42.36,71.0,-5.0,DL
438,10,220.0,3,7,30,31,15,16,53.0,2.0,4.0,7.0,2,19.0,7.0,0.0,MCO,28.41,81.3,-5.0,DL
439,10,204.0,1,2,5,4,17,19,79.0,-4.0,-12.0,9.0,6,30.0,9.0,0.0,MSP,44.88,93.22,-6.0,DL
440,10,213.0,3,7,26,2,7,7,34.0,2.0,3.0,9.0,0,0.0,4.0,0.0,FLL,26.07,80.15,-5.0,DL
441,10,207.0,2,5,21,26,17,18,9.0,1.0,5.0,7.0,3,28.0,9.0,0.0,EWR,40.68,74.17,-5.0,DL
442,10,209.0,3,7,26,1,11,11,12.0,1.0,5.0,5.0,0,0.0,4.0,0.0,SLC,40.78,111.97,-7.0,DL
443,10,223.0,2,4,16,24,18,20,173.0,-1.0,-3.0,8.0,4,15.0,9.0,0.0,ATL,33.64,84.42,-5.0,DL
444,10,188.0,3,8,32,11,17,20,178.0,2.0,5.0,7.0,0,11.0,0.0,0.0,DCA,38.85,77.04,-5.0,DL
445,10,176.0,2,4,15,16,6,5,-4.0,-2.0,14.0,5.0,2,28.0,9.0,0.0,ANC,61.17,149.99,-9.0,DL
446,10,223.0,2,5,18,6,18,18,5.0,0.0,6.0,5.0,5,31.0,2.0,0.0,ATL,33.64,84.42,-5.0,DL
447,10,223.0,2,5,19,14,21,21,13.0,1.0,12.0,3.0,3,17.0,4.0,0.0,ATL,33.64,84.42,-5.0,DL
448,10,223.0,1,1,3,21,20,20,-2.0,-2.0,3.0,9.0,5,33.0,9.0,0.0,ATL,33.64,84.42,-5.0,DL
449,10,219.0,3,8,31,8,14,14,-2.0,2.0,-2.0,1.0,3,28.0,0.0,0.0,LAS,36.08,115.15,-8.0,DL
450,10,223.0,2,4,13,3,7,7,34.0,-2.0,15.0,3.0,2,33.0,0.0,0.0,ATL,33.64,84.42,-5.0,DL
451,10,204.0,3,6,24,15,15,15,-3.0,0.0,9.0,7.0,3,2.0,0.0,0.0,MSP,44.88,93.22,-6.0,DL
452,10,223.0,2,4,14,5,22,21,-1.0,1.0,7.0,2.0,2,0.0,2.0,0.0,ATL,33.64,84.42,-5.0,DL
453,10,209.0,1,1,1,4,8,8,-8.0,-4.0,10.0,8.0,3,12.0,2.0,0.0,SLC,40.78,111.97,-7.0,DL
454,10,219.0,3,6,25,27,22,23,9.0,4.0,-2.0,1.0,5,2.0,2.0,0.0,LAS,36.08,115.15,-8.0,DL
455,10,204.0,3,7,27,11,16,17,89.0,0.0,4.0,8.0,1,7.0,0.0,0.0,MSP,44.88,93.22,-6.0,DL
456,10,223.0,2,5,19,15,17,18,38.0,0.0,13.0,4.0,3,18.0,2.0,0.0,ATL,33.64,84.42,-5.0,DL
457,10,223.0,2,5,21,27,19,19,-2.0,2.0,7.0,5.0,4,18.0,4.0,0.0,ATL,33.64,84.42,-5.0,DL
458,10,223.0,3,7,30,27,22,23,25.0,3.0,3.0,6.0,2,14.0,7.0,0.0,ATL,33.64,84.42,-5.0,DL
459,10,213.0,3,7,28,16,16,16,12.0,2.0,5.0,7.0,5,10.0,7.0,0.0,FLL,26.07,80.15,-5.0,DL
460,10,204.0,3,7,27,6,10,10,-5.0,1.0,0.0,7.0,2,5.0,0.0,0.0,MSP,44.88,93.22,-6.0,DL
461,10,200.0,2,5,21,26,9,10,60.0,1.0,7.0,6.0,2,16.0,0.0,0.0,BNA,36.12,86.67,-6.0,DL
462,10,206.0,2,5,20,19,20,20,3.0,3.0,7.0,4.0,4,10.0,7.0,0.0,TPA,27.97,82.53,-5.0,DL
463,10,162.0,3,7,29,19,5,5,-1.0,0.0,8.0,7.0,0,0.0,2.0,0.0,MKE,42.94,87.89,-6.0,DL
464,10,153.0,3,7,28,13,18,19,31.0,2.0,11.0,7.0,6,20.0,7.0,0.0,RIC,37.5,77.32,-5.0,DL
465,10,216.0,3,7,27,8,7,11,268.0,0.0,3.0,7.0,3,24.0,2.0,0.0,SEA,47.45,122.3,-8.0,DL
466,10,213.0,2,4,16,22,12,12,-4.0,1.0,3.0,7.0,4,32.0,7.0,0.0,FLL,26.07,80.15,-5.0,DL
467,10,206.0,3,7,30,29,11,14,192.0,2.0,2.0,9.0,0,34.0,9.0,0.0,TPA,27.97,82.53,-5.0,DL
468,10,218.0,3,7,28,14,11,11,-1.0,3.0,-4.0,3.0,1,28.0,10.0,0.0,PHX,33.43,112.01,-7.0,DL
469,10,177.0,1,1,4,28,14,14,-14.0,1.0,5.0,8.0,5,30.0,7.0,0.0,PBI,26.68,80.09,-5.0,DL
470,10,223.0,2,3,11,20,9,9,-3.0,-2.0,12.0,5.0,6,10.0,7.0,0.0,ATL,33.64,84.42,-5.0,DL
471,10,134.0,3,6,22,6,7,7,17.0,0.0,-2.0,3.0,6,20.0,0.0,0.0,JAC,43.6,110.73,-7.0,DL
472,10,223.0,3,7,28,13,8,8,0.0,1.0,11.0,8.0,2,16.0,7.0,0.0,ATL,33.64,84.42,-5.0,DL
473,10,209.0,2,4,15,15,10,9,-7.0,-3.0,0.0,8.0,4,30.0,9.0,0.0,SLC,40.78,111.97,-7.0,DL
474,10,223.0,1,1,4,30,18,17,-3.0,-3.0,13.0,6.0,2,9.0,7.0,0.0,ATL,33.64,84.42,-5.0,DL
475,10,223.0,2,5,18,4,22,23,20.0,0.0,1.0,8.0,5,3.0,9.0,0.0,ATL,33.64,84.42,-5.0,DL
476,10,216.0,1,2,6,14,11,11,-7.0,-4.0,3.0,6.0,5,11.0,9.0,0.0,SEA,47.45,122.3,-8.0,DL
477,10,223.0,2,4,14,10,11,11,32.0,0.0,-1.0,8.0,4,14.0,9.0,0.0,ATL,33.64,84.42,-5.0,DL
478,10,209.0,3,7,27,7,11,11,-8.0,1.0,2.0,3.0,0,0.0,0.0,0.0,SLC,40.78,111.97,-7.0,DL
479,10,223.0,3,7,26,2,20,21,24.0,1.0,0.0,8.0,4,26.0,9.0,0.0,ATL,33.64,84.42,-5.0,DL
480,10,209.0,2,3,13,31,11,11,-7.0,-4.0,16.0,4.0,3,15.0,0.0,0.0,SLC,40.78,111.97,-7.0,DL
481,10,209.0,3,6,24,17,8,8,2.0,2.0,6.0,3.0,1,8.0,0.0,0.0,SLC,40.78,111.97,-7.0,DL
482,10,223.0,1,2,5,7,8,8,-1.0,-3.0,0.0,8.0,5,9.0,9.0,5.0,ATL,33.64,84.42,-5.0,DL
483,10,148.0,2,3,10,12,7,6,-4.0,-3.0,9.0,8.0,4,26.0,0.0,0.0,GRR,42.88,85.52,-5.0,DL
484,10,223.0,3,6,26,29,11,11,5.0,1.0,8.0,8.0,5,4.0,9.0,8.0,ATL,33.64,84.42,-5.0,DL
485,10,195.0,3,7,26,1,18,18,25.0,2.0,-1.0,6.0,2,34.0,7.0,0.0,PHL,39.87,75.24,-5.0,DL
486,10,205.0,1,2,5,6,15,15,-9.0,-4.0,-2.0,6.0,5,28.0,2.0,0.0,BOS,42.36,71.0,-5.0,DL
487,10,223.0,1,2,5,5,19,19,16.0,-2.0,0.0,6.0,7,32.0,7.0,0.0,ATL,33.64,84.42,-5.0,DL
488,10,204.0,3,6,24,18,7,8,33.0,1.0,-5.0,4.0,2,36.0,7.0,0.0,MSP,44.88,93.22,-6.0,DL
489,10,204.0,3,7,30,28,21,22,38.0,3.0,0.0,5.0,6,20.0,0.0,0.0,MSP,44.88,93.22,-6.0,DL
490,10,219.0,2,4,16,24,12,11,-3.0,1.0,-3.0,1.0,4,20.0,0.0,0.0,LAS,36.08,115.15,-8.0,DL
491,10,205.0,3,8,33,17,6,6,0.0,0.0,9.0,8.0,2,18.0,9.0,0.0,BOS,42.36,71.0,-5.0,DL
492,10,213.0,1,1,1,4,16,17,57.0,0.0,4.0,8.0,3,31.0,9.0,0.0,FLL,26.07,80.15,-5.0,DL
493,10,163.0,3,8,34,23,13,17,243.0,-1.0,-1.0,4.0,2,17.0,7.0,0.0,RNO,39.49,119.76,-8.0,DL
494,10,216.0,3,8,34,25,7,7,4.0,0.0,1.0,5.0,3,36.0,7.0,0.0,SEA,47.45,122.3,-8.0,DL
495,10,223.0,2,4,14,9,18,19,10.0,1.0,2.0,7.0,3,19.0,7.0,0.0,ATL,33.64,84.42,-5.0,DL
496,10,194.0,3,6,24,20,19,19,-1.0,2.0,-2.0,5.0,2,0.0,2.0,0.0,LGA,40.77,73.87,-5.0,DL
497,10,223.0,1,2,7,16,11,11,17.0,-3.0,-2.0,8.0,7,26.0,9.0,0.0,ATL,33.64,84.42,-5.0,DL
498,10,223.0,3,8,35,30,19,19,18.0,2.0,4.0,7.0,5,14.0,7.0,0.0,ATL,33.64,84.42,-5.0,DL
499,10,204.0,1,2,6,8,8,10,116.0,-7.0,13.0,7.0,3,29.0,9.0,0.0,MSP,44.88,93.22,-6.0,DL
500,10,153.0,3,6,25,27,5,5,14.0,1.0,9.0,9.0,2,15.0,4.0,0.0,RIC,37.5,77.32,-5.0,DL
501,10,223.0,3,8,34,25,8,9,58.0,1.0,5.0,9.0,0,0.0,4.0,0.0,ATL,33.64,84.42,-5.0,DL
